fileName,label,threshold(report >= 5),CPU Architecture
3dffcb9dfdf03e4ba82d38b275adafe7caa2ead7eb7ccc7d469d84def17b8c0c,BenignWare,,mipsel
e37f13310fda4a66d516b3ef6a86f8f99e0979249cd7fe3d7d844df6c60700d0,BenignWare,,mipseb
10dede13bf7fe2035d2ccb3621f5911f2529fc7afcc73ab0e0114a7be32bc587,BenignWare,,mipseb
8cc03bd88c956ea9a1318e1b70de98f464e7919a3103d9618ae740a661b4d9fb,BenignWare,,mipseb
04bf4ebe5c9d9bb924ef5e5f946d91c044b9fd60a6b5986bb687376ac36baa43,BenignWare,,mipsel
ac889f41a30b457ae396b1301e00b596506dbb9b73b7a1e62e1177fd43846f64,BenignWare,,mipsel
1d67aa603d4ea9e4a30f3687d26afcaf17a982789cfae35b7022566c0e54c182,BenignWare,,mipseb
ce24e0c344dab70bd8972218dd7d48b5e4ff8785e626abf4c55268eac6929ab0,BenignWare,,mipseb
b07d9f89cf781a6285a06ace15f6cdbdea75ce6b35bc82decd6c134e6d8d8fac,BenignWare,,mipseb
cd94aae4131b5a2c7d5b04853a20d8a8098170f7f3519c539d3bf97c223e75d6,BenignWare,,mipseb
2f05e27f537917f241c249f79a6c20115082ba807522a238cfb965c435ba2327,BenignWare,,mipseb
243d560a78e410082ee55dd4e8229f18088fab4fd533bfbb5bb8291a8aa92bf2,BenignWare,,mipseb
065682772655e9e8f0cbf5e14351ce84dd09df633081e15f32c1bca65c2e0668,BenignWare,,mipseb
2cc8f1926525ad0653eda51e44cbb5a18bd0cf1305dc03ad0c850606077bd82a,BenignWare,,mipseb
828a6f850f087877912715cb276cd6155a9b96e468a584fc36ee240af2d9b497,BenignWare,,mipsel
e1c3563fd45cf394a7e38ba80c2b0963264fea7315420f5f0140677c72cab833,BenignWare,,mipseb
d839c8fcbf0590796c725db359fb28b72306b80bec1e4b3457020a28e481e20f,BenignWare,,mipseb
28990d5da194d9762e46234201927ab26a296c5fec07a58758a81ce927d7431a,BenignWare,,mipseb
f83c833cd263c9309c543da8ea87202369f5d3fb0c300ec98bd20d3d607bd0c2,BenignWare,,mipsel
1c42bf6e197df5bdb73987315b46fd0a66e6474989f036ccc28dbfe769ed8dbd,BenignWare,,mipsel
c5de5323808e1778a5ef09352dae9111056bb363281570ed643e970153d7bb28,BenignWare,,mipsel
f5bd08fde0d10ab3fbb80fd9475af65faa40d5e7abdc679f4239894a5077cd7d,BenignWare,,mipsel
4028a914a2c93c691f4dcb755cc2cb49f2a8cae01cf2d09112a19883a3fdd736,BenignWare,,mipseb
8a87d33dc344e85208875c7957c3d6a77930269ab6a1ad977fbe1fa1388881c1,BenignWare,,mipsel
bf2b9ded564cf63c8a6da0a95b2aabdeee754220c63609c212aee32cdb091916,BenignWare,,mipseb
f3bd01d0e89591062ce696fcc6cf4d7bff5b7b0f70b1ddd76d940e8291f88ee2,BenignWare,,mipseb
0c1a405e28b7ef780f5ffc0c8aadbe8e847724859d488e30a8c63166973ffa48,BenignWare,,mipsel
74f99d1a9c7519eeeaad9816a744631e1a77f742cef72e3fd722dfa8c41f0dcd,BenignWare,,mipseb
4fae0768dc421c9d0f940e6075caeb296f8146d0c29703ba71c5851f8a6ecaee,BenignWare,,mipseb
fa47a0fd7e467ec0e0477529cf58669006739662178fa816ea7bf0a1188a1d4f,BenignWare,,mipseb
bcbde996205e4b47032be3843aaae58c4c04b7b56997ab04f9678687841e9504,BenignWare,,mipseb
7763b7a82d4334e937815b45571a74ef036e1bfefcc6ef0a8dd1f5ba643c8903,BenignWare,,mipsel
e4bf67a710364515a5c54a20246b8238b977dcea6551d5f823572fc8f67e75d2,BenignWare,,mipseb
9902a775d7349dcc6a778dfa0ba1957cd6a09d7abbe7d96197167ffe47b1a44c,BenignWare,,mipseb
67aafdacaa56fac9c513080dcfeab7fd734b8e2beae535f41c1a07e26ee24902,BenignWare,,mipseb
e2e9845f1e17cd1a64e13f7eecb22cd7590ae08bafcf4c3cf5687cfe7ca939e6,BenignWare,,mipsel
4311bcee84b55f91463bde265ea091b8e5151d645d6a50206f5e869fdf2b9d2d,BenignWare,,mipseb
0e2fc19253a3ae8a4ede93b33839309f8fa720873e7af8c19a1d653b71c40a03,BenignWare,,mipseb
3c28e491fa56ae40394e284973134e4d8ebfa084add7bb8c1f327b0c2434fd5b,BenignWare,,mipsel
9c06739001856e75971672fb709b86f0d5eb972156f8627c0fb86dd32fe4a8dc,BenignWare,,mipseb
714eb69488efd953b41b03ac0b5c1a75733b910286ca3ea768b11372f0e74ce1,BenignWare,,mipsel
43c44194e3a4ba4884e76eaa3368b110807516d4273ef5bcb2ff37a63ee54468,BenignWare,,mipseb
be1be99a947ce2f8847164077a5a12dcfe55122848ad448c601b78172d6818a2,BenignWare,,mipseb
6bf7ade3d09f503df836e53cae8fd0cb81ef642060f31b05f3226686a8ab6ba8,BenignWare,,mipseb
8fb632299a5fcaf07dac32445676b6eefbb31af783333d37dc1e31a2eedea818,BenignWare,,mipsel
c8519a94891a953ada5a9a2c9b8a9e3768210a3aafe2272f55263326fdba9475,BenignWare,,mipsel
31df09bf0f5d987ed3e01583d522086788dee7ff90781dc922a94d7b84425d1e,BenignWare,,mipseb
17ca8f33e14f7ded63461f1bb19574cd1e28bf516a72f6dafae193fe87441a16,BenignWare,,mipsel
f076affa4008635fd27e55fa0bf1ff3960e54724b815ffd77c997e045fd4a555,BenignWare,,mipseb
1fcf5a0382d640458d06cdca4a7b2d28c1218cb0aa38b0ff84450ee48be187c2,BenignWare,,mipsel
12ded456849bc525410e6f9f45a4c9f0cbb45717553f58ba4eced97042741798,BenignWare,,mipseb
93a796725204037b36c3cab4e17ac2a64322cd53ba426e96873e67c56f05bed4,BenignWare,,mipseb
74b68f0af54bef96bd7fbb8c4c0c09e6dd5bcedd388961ea9f736035b44ea9e8,BenignWare,,mipseb
7327eea3fe63c1a695ad3a8e86b60702019f824e447a363576e52f7c367efe0a,BenignWare,,mipsel
7b0706b807de3808f05ae54199f0a08f82cd0e0e64bd7b34009a93a9a244ffed,BenignWare,,mipseb
dc3582fa40c9fd08d6f68fc1c5ae338c989aa524e59a3a54a0f1034f23313119,BenignWare,,mipsel
8798f79c0ffc1095294d94fe504a8450bad562cf3a539f8e26a21b46369b6045,BenignWare,,mipsel
bf02b237fe8342b54b072bc91e1794b99c5fb6ab99ad13b926a9a4e4f84b7c15,BenignWare,,mipseb
f0da60703c24a2c907a3bff21ae3f0c51273107fb1e30a515c5f2866dc21df4d,BenignWare,,mipseb
d374ae62b5ee494b66a82e18cfb044cd04f96bb977bbc0d71a6220a36634ea1f,BenignWare,,mipsel
9ff0805d85122941a53b333c3294becf212a378d4e50916e2f437c69a76a670f,BenignWare,,mipsel
8977defe762ac9613ee48af738e19444b8ade9eca565189fa3005c9f685b6be6,BenignWare,,mipseb
3585823af8fce153e6e19d3e6c3ad6c6600b9e140fbb19c65c50bd6290b10938,BenignWare,,mipseb
47c6e085a4c50c1e751fd33c90c5a12baaac1c83735b020de6e25800ca202d92,BenignWare,,mipseb
77616004bbea145c9ce24dc6e42fda1e2685edc8daf2d4820a492969a534510b,BenignWare,,mipseb
99fcbcfadeaf4d18e09eb3158e50cc41c5afcb586e7a545f95ff3aff703d73ee,BenignWare,,mipseb
227395bc5bfa8b50250b7b8f7ded4c68d2e8111f3f7e5a065ac6b0e22ca2844d,BenignWare,,mipseb
daee71f24e6ea94ce37320b0a62fd50d819e84bc4d0d727864c7517808034e58,BenignWare,,mipsel
27fd51d0f1ceefd177fb01a059dfb6335028d0b1a7fa92944f15af9b17d9f7a7,BenignWare,,mipsel
6e25d0ef2f5bc765bf8ec99f576894971a416ca52274589f73129a8071beb610,BenignWare,,mipseb
adda1fbf0e2efb87ac68250fdf40cf68f4ab24954fb67362fdcac037a6248284,BenignWare,,mipsel
1344c4cdffb1535e03c1c434688ff755c249100d09e27bd6563a0c43ea7a9583,BenignWare,,mipseb
df0cc5cbb56b97a280261f1ee29405c5111d3fcf6a82e6e52f7ae2d532d40836,BenignWare,,mipseb
56d8fc194fa3c7ae2ca9c3982e589a23032be741539eccb930bd00752433fed5,BenignWare,,mipseb
64d6acda6ccfd6d91c9d6e9259e633029df12e91f9fb948803afe28fc448ad71,BenignWare,,mipsel
c3ef347987382d9615275088ef4a73d4735cd241ddc508d822507d33e04e4432,BenignWare,,mipseb
1abd2847b62d7c29b13d55e8fd6e64559eaf040fab1a7807ef90b6874867eba2,BenignWare,,mipsel
96ad06eb3adf03ffb4a1922c3b6d190f5ef7236299e1ae2f79363a83ee28ec01,BenignWare,,mipseb
682a47f218c6cd38802a4f0b32b5599be478aef7e7dadc29f2d3276a6a535862,BenignWare,,mipsel
a0c655a3342f410b93fa0b2dda51829144d605476cbd083ed5692da78b6a6d3e,BenignWare,,mipseb
849c4a4a81abe7ec5eada47d83ddf152afe9feab38f2c0d99b4d9ffe4c9f425c,BenignWare,,mipseb
ee71efe9287e49eb44599b7e318a841534e40fa2bdbfbd1ee378737c5651b4dd,BenignWare,,mipsel
e9270ffb019e99eb61bdca4d7f328f533a450c452e4ad1327c44c2bef5c5c99d,BenignWare,,mipseb
e5986dd6b7ab2c572a7249193771d008e2cf9aff68e42a9ae4af3f0a4bb5a0c0,BenignWare,,mipseb
ca99897eadce0259f82f1627383c412294a09f0be4d4a57ff7a8ec43aaaddfb4,BenignWare,,mipseb
011871e702565dfd1da343a52cf123612c25f26e63044b2ff4645df7ef17dd8c,BenignWare,,mipseb
897085127e5ee21a4fe1ef034424811aa9ffc923312f9fd5c759c851488505d0,BenignWare,,mipseb
453e1a359650ff2edd28af59955d2808d4c0a01bb4734f9927696d3b448b7436,BenignWare,,mipsel
a58bf0e46278109db09a082e037c260fa1c9deceae87bd944e76bfb720bf7c68,BenignWare,,mipsel
b1718f708867122ffb55a29970626d9dee547fdabab5b69711ca774b0bfd4e87,BenignWare,,mipsel
995c03e906b0b0654e3b16c7712fedb2f425fda72fe301ddc3c2d1ad0b2d544a,BenignWare,,mipseb
2102de02c2fcbff80371274d15e07321aec9eb71cc585f7d7269adbe09780ba0,BenignWare,,mipseb
afcc4d6467ab265798b81f96dcb16a4abc730e7e9f6da07c6a37d5c32f8d3367,BenignWare,,mipseb
5f05ac094db66bf5f4985ead8ff4d11858852e02359743e4b443d1addf92c3b6,BenignWare,,mipsel
04712cbc9c8242f0f5284d3a4af2e6d6a4430ae7af77ca195f5d5dfad2233172,BenignWare,,mipseb
b78e663cde777a6a8e124257071f902b6e953d1013b7113319aeaee2bb60e753,BenignWare,,mipsel
5852de9cae23aa78fbf6b7431ba2ac6b7b2db8fcef6828db192f3551034a2b14,BenignWare,,mipseb
0416c8a5171b77887dc965a63820c91af41aefb74da280a85d1e269155702426,BenignWare,,mipsel
c83386c025846c66061c18014c5ce64114fded99a9c1fe6e0050393ca0589de2,BenignWare,,mipseb
19bb11de4052d5be1e95767f434d1eadf9319f27826b11e27a0f0cd6fba65b61,BenignWare,,mipsel
f9be9d40cfdaa917b9c08824690dec81f01795c393d377a5a96d83e170f7f9b0,BenignWare,,mipsel
c7d834e64bfef65542a106e7a26f03d36cda0a6742b3bc9e6351eedb938c7f47,BenignWare,,mipseb
d0102a3145c62e5a26e4798c026852cb79e6ba63967ed0931711b5a7be6ff765,BenignWare,,mipseb
7747c853ee39584d42417d180ff4ceeb1004be8390109b94203b1116f14c1a13,BenignWare,,mipsel
dd5c08c2ebc17bc35f5d5cab2608e1d980d91c887e3a3814af2652733a4c8709,BenignWare,,mipseb
66b4292394e31b92d1de2597d2eb446bb1ab84569105db047430f03aa578413c,BenignWare,,mipsel
e3e986f1868b0fb32f687aa9ec10f07e1844b47c09be1d62948d987817502028,BenignWare,,mipseb
de1f56ae6124b80de80c8e516bd61a0a1fb63cea47fe3992f8d158b58081bc5d,BenignWare,,mipseb
de3b33f78aee41d665585bafbf69c79dfdda57d0c8b8d8fe989fb5b68be83d42,BenignWare,,mipseb
35d240445e1906f7b40413de8b6031f09cd742261439952dee98302d4c20cf3d,BenignWare,,mipsel
919ed64ec1c4d57d076ec4b3fcca55cc79477663c20d1ceb8270716f981b103c,BenignWare,,mipsel
9bd2f3f9093d2fbdac66adcc30d6b699224143b2762bd6f70baec5fed450f3e6,BenignWare,,mipseb
31437b2538e1da86e4badb45a40a3f286c3eca7f6ef39e56771b02542b97de6f,BenignWare,,mipsel
0a742767cf4c2dfbd1a3327db0e099cc8e853b452a2bd3c93f6e77955627f03b,BenignWare,,mipsel
783f92557e205a5b6248f11ab96144970d3c172259096c443b32ebfc0a01181c,BenignWare,,mipseb
c702a4e97c779ed0f3f21770ad18a1599e748988c4da6b192ff6eaac1ada39b7,BenignWare,,mipsel
a9fe7247ce3a941f3a9b2104663e9964bb0dbd17e78890a316d44d5e9c062df1,BenignWare,,mipseb
07a57d788ad4fdf04833e0324a3493dcf952bfaf121f9a898aa3799dfc37b2c1,BenignWare,,mipseb
88e9dde389d87578130cfe56a830c477dab57c10b98dd4153330f8ec87b6bb93,BenignWare,,mipsel
f41b8b4cd72672d1f1e03e038a3fdbd85caba2efc38195d9862a2d30ae1b76de,BenignWare,,mipseb
a11be365af6cdb039a564677a833049c2d52a5583bdac1d117bb08eca6d9a4bf,BenignWare,,mipseb
4de23e9865f2da94639a84383150b1fe92f8f66ab0c5efdb0dfdc626a1617dc3,BenignWare,,mipseb
964356f8da5d63749603a48940f76b254d21c248b7fd18164c3653611cb89088,BenignWare,,mipseb
1f7f5a1678bc0c5e6fe2d78b5bf0281db9d872c4e77f3ba6fd2ee06cf74a8e4f,BenignWare,,mipseb
65aece1a2fac359fcce306315e7c42b6f3127c07fb9385cfff86e40d92a7d2af,BenignWare,,mipseb
bee178696bc25a60f47616fee960871668f0af81de5cf6edfa7ac55c7fbe7da6,BenignWare,,mipsel
8f00b2415a8b77662fc3045c528830a638756a16ca51db085f0c8fb74d4d3e64,BenignWare,,mipseb
acd9ecfe22d3d701dfae42bf832c295ff9edb2f58fee040219e5fa2b92cecb13,BenignWare,,mipsel
a4e6d30e854561c2b8140741b253a65360bab4d19ced42f097eed3c1df0304fe,BenignWare,,mipsel
8525520d036a513504980138d0b3a72283e27de50b17e2fd3a2829ff84394e81,BenignWare,,mipseb
4fe24983209e055e11ae319020d0ad92f77e74d5b60efc27dbb0e074fb59bf8e,BenignWare,,mipseb
bcd612c90d5765763deb657fda0892a272bb6a6880e0217068435c38bc40223a,BenignWare,,mipsel
069474b42fb256606319dbe66c3c5d91a087b738775d7120b72a621e2cfebcdf,BenignWare,,mipseb
c2cf915777843b4470d30e5e2f737c6be400850c2b18d4f365704216a89ac802,BenignWare,,mipseb
aa30208b4b9d25e3552ca2e5e0839f7857cf8d2a80f0d65fc73eed7c02f5b258,BenignWare,,mipseb
9a054963be0448ab94a49e624df222096e5568092241fdcaf8499d3674c56646,BenignWare,,mipseb
9aa527116355236b362119983dec5d582e7d9a6843c6ecd755f09f873770b39f,BenignWare,,mipsel
d0257910042df1ce288af5ceef362733bbf0a5dd1d6c257d2033c38dfff28cd7,BenignWare,,mipseb
868e9ad2b01d6eb8d8400309d77a5bcc605d5b20628e9c9ca61bb71ea9a4c5ef,BenignWare,,mipseb
a6e68edc55686e35f7092db66d520fb4f195f693f7096e7ad787570e66b50e11,BenignWare,,mipsel
0055ef8e7f33d7a77960abc809d3e470462aae3f980a149707cb41acddc190c4,BenignWare,,mipseb
3c157799fbb65ced4a89862c087b9fa3cb9a085957f3de6a8cdb34d57e241173,BenignWare,,mipseb
a1ccebb1e3e9682229cfcca122b90ef720ed1a09e33ed2f8cb11ac8548da816a,BenignWare,,mipsel
0fabdaf1140ee95c1e93e68f2ba7bd0b84912a774484e9ab2869f2a545cd02f8,BenignWare,,mipseb
eda6a9b033feaf670d94b84148237626626546f742aa30d06a5c4d4defbf21d1,BenignWare,,mipseb
e7053bba7d9f462d1a1cccb60e9215bcb96ad89a46df902f3a4a627e18f24e41,BenignWare,,mipseb
04e923f86bf0a63ea193bdd08fcf826c50c9fc1c2a2470af4637d7fef6205307,BenignWare,,mipseb
b3550e69136f7f9aae170221b680970db5084edf2aec86d09d706bedcc60c0c3,BenignWare,,mipseb
6874e1dd93b9a7af94c017d40218d3d692151d9f9a00d2e4f95f0d063810c402,BenignWare,,mipseb
ede6a279e7eff7f6eb9b7e7f0a0ace906aea700faf035cb39c73674bdfe46fd4,BenignWare,,mipseb
ca03aecfaf9e73c2f8ab54d81a049d2e1438e44a1c10c7c18c6fe5b8b617284b,BenignWare,,mipsel
2ea0c839cecae0934c09e68255ce0ebd110020712f2d727807621a5f340b996c,BenignWare,,mipseb
1275923bb954440667deb50685c69f309a5add51caa34195843cef42beb5ea0e,BenignWare,,mipsel
644f6a5227f2a8d969dd643e61f9a81184a58762ec021e27864fe21bfc4a72b7,BenignWare,,mipseb
7ea3e21316f7c122d529239b772c8bd2839a31ee3b9aa54eb0cbeb3139361c94,BenignWare,,mipseb
700f257306fc259d8ef90f96660446c1ff813aac76cc12c180e208047407b494,BenignWare,,mipsel
9ee15477792fd9acc4a1aa6371761d61c7fe4016ef79511b556e66dce4204585,BenignWare,,mipseb
8cf8bb9719af8618e80ce7009eb884d76f8629d677e6de3f080867627dd1b399,BenignWare,,mipseb
14573164d1662c47da22b69b3dc919e13928f7967109edcd7d6cb344778832f6,BenignWare,,mipseb
29a65ed4cfb3aeb72361f941aec54093b362659c2fdec75359350a94b5e0054c,BenignWare,,mipsel
07ec2b6ddf1f92fbe93dd42278b1477acdbc79f460f4b8831a7460a7df48b341,BenignWare,,mipsel
1969e8594dc4c19af51b9c990df46d7f20e52da7714db1a777b492a5f265fa89,BenignWare,,mipseb
2a67c5d54b530ac810999a7ee574a68e34862d7af76bbcd78e68fbf43cb78e0f,BenignWare,,mipsel
6a18b222159db3f9127aa1c1ac1f16cc2e5a9f3f868000135c348d0e38b57748,BenignWare,,mipsel
b65e33d3e5e5432c288262c24427002578757eeab649d5906289f739a7d24112,BenignWare,,mipseb
3c85e7b60e312cc20e967e6a3ff3b35ab2422b8df39b30e167c0727d5f450a84,BenignWare,,mipseb
84da76a8fe3e04807cf9114b7a52774e6bb9e4e9a6ddada0ff09bb64ba494ecc,BenignWare,,mipsel
4898ca788fc7f3b28971ddfdc2fe5164eb2264bc03b40487e852fc77f394d7ab,BenignWare,,mipseb
02b9cbbeeb916ef92ea592814b5e3f86f1a4cc1a1bccaeca57145de206571d63,BenignWare,,mipseb
547cc6bbecd8ad21b41dff4a817b37046d6111e92a2a4528d83cef374402e795,BenignWare,,mipseb
1c4c37d883c770a8cd9acca4469b0e0decf4350ce61ae1d9ef28a1dbc84ff46f,BenignWare,,mipseb
b8a3edada2faf80841a758f9776a125e033449f9dede3aa679ed5949294d2e0d,BenignWare,,mipseb
70106ce1d74482ebc442cfc29a89d15f20eeb909718c61836b5bd0d2970bc720,BenignWare,,mipseb
3e53c8ebe71f8d38eea73d8511decf54ab438667aa9c5d57e1d55eca21445031,BenignWare,,mipseb
59f900d3ed3c0b8f6f0ee468c6991334cb19c356b62f5131a8831cd250c47e0d,BenignWare,,mipseb
47877a9c0e2c0b79d0ae7a2e65b5df7546e5e16a63f06bf5c1da320b2da64207,BenignWare,,mipseb
dfc401811aef5b37cdbfb28c7c71c8d5c371d960a0663701802cdebb5500ec5d,BenignWare,,mipsel
958d46059f0ac080e4d94ef4ff2f4cce25a6ccadbc68845e14f596860234458f,BenignWare,,mipseb
83f4bf717bbf435d9bc10a3edbaf59dc1e5e5cb1240010f743c25a389856adb9,BenignWare,,mipseb
73eecaaee9e2dda80bf5dcffeb76d7f983351fd36656707df88eef123f6c8a43,BenignWare,,mipseb
920f941d280a1094d9c9546c7d66b0b3c984e99a728bf558a4dc3efe753839c7,BenignWare,,mipseb
8d417df823929e7b6385f534381cbd31919c678b819a8b0e1ec433fb02009a6e,BenignWare,,mipseb
bb1012074fa0f1dbe507a4eff3ff9b98910e7d485f78d2d25d59264b89f43401,BenignWare,,mipseb
1b5e175ae96f4e3bbc026e742c3af9b02969e589713a11119367e0f082dd65fb,BenignWare,,mipsel
1ddf08692234a923d9abcf82e31a3e3093ba52f7abcd26b7709472540100996f,BenignWare,,mipseb
60e459bb19e847b0e47d7e865e976c783363553b0dd38d8670923bfd98e8a5c9,BenignWare,,mipseb
a127e308b79cc0b1e48855e77d040c484790ba697011e56aab8448185d3aaff1,BenignWare,,mipseb
46e061f7121e960ca611ee07351ee9eda821fe2d510ea5a8fffbb502691db5a6,BenignWare,,mipseb
2c56c3050a0f3026af81bd4b9de6a88bcaebec72b33d630d5160623eb9f8305e,BenignWare,,mipsel
cb490aea7d048dce271b24383d6cdc9220c8cd928915429b744d9a293366be20,BenignWare,,mipseb
725e63b963a834d290b8e9373477391f8a101aa55eae38006acb2ffd0ed89674,BenignWare,,mipseb
f8521d287ed4a56ede0f184330e6d0a36a278b7b7ee59a5def15bb8a0b8d317d,BenignWare,,mipseb
279bb899a66414506d59b568bbfe3c36fc475882b03779b4b9199b007d9e9a9a,BenignWare,,mipseb
ba2c968354e1900e871f4f9b5419d92d3a2aea73ea48d3499487d1e3e925c1f0,BenignWare,,mipsel
cb41685f0f06a661662a93fe78a18cf2795729444a11e22a6176e2fe6449bc15,BenignWare,,mipseb
14254b88b1c0f7f9cd94e93cce13331d7251f310c01eb109e1ed8f9cd2d9ae4a,BenignWare,,mipsel
175480662a7e55f39e7c89193fca38ef020f9bb232169714efb27d84c323a363,BenignWare,,mipseb
99561ad0adce30b240e4eba0d34319aa7cbcb5cf584048b0662183652dac487d,BenignWare,,mipsel
755e29f91d863a92971511fbe16ff27eb39a4b59a2434dbed75e52765e979cf5,BenignWare,,mipseb
609431c00353b873d788fa87b38858ba44b10a07e613875966147d77a4a184fe,BenignWare,,mipseb
0938fc4b6600b882ff26cedc5b3b0bb6b9721e51e0036e21d003da346a65dd0c,BenignWare,,mipseb
29b572d14a93980fe0382fbca3823e373b0a36b54fa3b21fe24afb86fca65b83,BenignWare,,mipseb
35539eac727c6061cda7a5eabe215ee599742474ce151d6806e91cbcb3c5f29c,BenignWare,,mipsel
9531ba25bda7c10d7beb4353976038c6e6703f5d90e4069b20727238c2f939b0,BenignWare,,mipseb
5030a0148c0239ed6370dee8099b20a8bab0adb5ba9032d93ebee9c766543a38,BenignWare,,mipseb
a645d83f9c5e838b06737ef61a1351feed71c12808a6ab07cdc19f52babfe731,BenignWare,,mipseb
c7f8b93bb6fa3c2924976e6d7f211c818e76352fc88d6a830258ce63fa54b5ae,BenignWare,,mipseb
2876ae8c679338d152d756d90dcc42b7849cdf9d48678bfac23f9fb73ebef523,BenignWare,,mipsel
c17ecea60705df70cf6bafcfc79d677dc1ff46f7cd0c84cc43c9c37fad4d3e95,BenignWare,,mipseb
00dadac538a15e34751c817cf9962563fe0404f0d335dc3cfad00e882a9ac7af,BenignWare,,mipseb
acfeb35beb2859459a474d664156fac6a3fd7be7c19c1722760e0c770913c6fd,BenignWare,,mipsel
81f10412ec665275c10f7b4d7672672e4275afdd2a24fda880a82838cce063c8,BenignWare,,mipseb
d98206ab6d487fac5c1a75a99d3ec7b31f6ec0192d9bc36b09be41cb82707e26,BenignWare,,mipseb
d50fdcbb6a66f2a9e5f1e13099c1282f27172ac1e567348a0b953529b47eeab1,BenignWare,,mipseb
d6594b94a3fb47b8e47834b322d0ae6256f52ff075d559e2fcf0a260df60f0c8,BenignWare,,mipseb
d8ebf9008ead5f18949bc535df670bee846f2a3d361220546e27c65cc0ed821d,BenignWare,,mipseb
beb70f03d5f900677a81945967c6655fb9cf30ddec2e49885d56b81f35c79c0c,BenignWare,,mipseb
7fb8c88a762de8bb68b43c6b2e332fe6d8d84ac906019d2e0fdc8f8a80fa3e55,BenignWare,,mipseb
e59c8a32ee48448cee9f1e0965e751fce762bb59c9efa8792d52430834c87e77,BenignWare,,mipsel
3690b8e843f80ae1bebcff20605fd8379d088586d07e2f1a7ad10095adfda20d,BenignWare,,mipsel
87865c602373385c048b1abbd514b587bc201a6d11ee8b7cf59ba871b80c7903,BenignWare,,mipsel
48bb722b505da5c7f8a7caa9452b1a60e924c70826df57a2a381769a58ee1c86,BenignWare,,mipsel
b9baca4340142ae48a3ba4d3bc6d4d73cac13b7b69685fc26b18488d49054b4a,BenignWare,,mipsel
4578257e767982240cf8f09b012c3a960fbbe9fe30c3a9b1e28d6a6030e56452,BenignWare,,mipseb
bc9d70a6a35ae1948a9a59bce19ab153fba5a7b8a6bae7c41333904576cac6ed,BenignWare,,mipseb
4ce00c25f87065e833c7891367b5c71c01a5008e96bdba0472add2feb4229510,BenignWare,,mipsel
a700f4123c20fce425a58da652a8410c4daff1df337ce72ac9b7e7865c95049f,BenignWare,,mipseb
606384e8728e9e215618b530dc04aab40ff72b44b3bec0c190bcc2f0fa468665,BenignWare,,mipsel
1346e1ab043b2106fe46de7dbf49422ac065914bff90daad8b3a5a2395260f12,BenignWare,,mipseb
8e12406d6ec84b1af265c1f750a00c54aa0f1ed741405699d2580c28b3b8c60c,BenignWare,,mipsel
a4950cc36d7312f3f13b0a86cff1946f928cdc361dc4e21b95a5398c9f96d1db,BenignWare,,mipseb
c127721ebf1876d94719f1324791566d8104962aa458677e270dfe7f6d1d013f,BenignWare,,mipseb
397970958f211b76530acbcb0d576779f402f04df3f1d153687941ce2265881d,BenignWare,,mipseb
46b2d871227e30e300b72827411266174619bd05950223fad2dc85ced7d51bc1,BenignWare,,mipseb
e0a72eed7c12b1655dcefe76ca182360f5f3482baace3cde696892ed6548129f,BenignWare,,mipseb
17c7c1fedf94c9d928bda4dfb3e83ff8fd73f5306556659428ba3f3a8fc1e0e4,BenignWare,,mipseb
5c509b8b8b38e6f823cad176714bdfb3fd16c6f43402fc60c58773f21afc5f68,BenignWare,,mipsel
5e376a9dcc8abc4e30d151256544346554106a06ed3ef4f2c5c4d02a719ea7e8,BenignWare,,mipseb
faf8d8141fc6a07b2a6af38b863bb8361db719618ce46cd1e2d9f8c76fb160ec,BenignWare,,mipseb
3299fd8ffd15c9729ad946ce3d803daefc9021a95b0a53b279a8779d0f30ff15,BenignWare,,mipseb
b147753056dcdbe42fe58bb84f49375b551d4997aca3b2b0227b67097afc6726,BenignWare,,mipseb
4ec191fc1f1ca2b8ec8913b7495c27bdccaa29328fa21d9cee2c3d25bfad9a68,BenignWare,,mipsel
5d5056ca6074116ede65afa4ea0bcc148165a34024bfa65f32bb8ffdb0c53f05,BenignWare,,mipseb
f42d9346ddb7fdc011055e40578aa50018697f1a53c0d74bdb826d708a87c730,BenignWare,,mipseb
34db18c93029a2701578a369a6124b5c44079b9f6f702cbf883409993dc8e57e,BenignWare,,mipseb
b43de2c4380292313192758e14eef6d0137ae26abbdf74a8c4ae55359e61e298,BenignWare,,mipseb
468a719a6a50cd9c31f87d3d975da186ae632d427306fe5bb8d65a6eb84cdbde,BenignWare,,mipseb
77db4bbf7f78b1d8144c6ac8d0dae92eee9cb6358c2ba52e0616b7e384a1566e,BenignWare,,mipseb
06b830c561e045a577f0b6607d37bc4b9a8cf3960540fbe842dac3630d100355,BenignWare,,mipseb
8b16590a47c276a3dd95bcf02f06058eea1e48b5aff7ab2954772de1219434bd,BenignWare,,mipseb
eb2501e69a6f0988dce6a3683e27879ba8d2253253f1bf4cf0aa0dffdb9880e2,BenignWare,,mipseb
84e5fc6a149a53fe41a22b6e7d8d6636551c561543e6c91e84eb61bf1e5ad391,BenignWare,,mipseb
0520def64fd3e0c97cd7a06a403802599fe0b2ef97c077140ae822ae9260f3c6,BenignWare,,mipseb
88b0147d111a60c8249d01c5b6526f158ce6953ee7ee077ace097e0bff96f5ad,BenignWare,,mipsel
f962f7f60c9db4578ffdee6d49fcbff64bafb30254641734ee9dc9eebb5762a1,BenignWare,,mipseb
64c394e0bf8a483b5789b465727162aa06265608f3c67b0fc80f049f7d640bd0,BenignWare,,mipseb
4daac26b842ee56fe4c21f89c220e883c9b6458c6849128b12fbd15495ae7f97,BenignWare,,mipsel
4749cc5bf124aa9e45127e8fa83c18961109d5772ccdcf0c1440dd6e69b7deac,BenignWare,,mipsel
9d3959287078fb4e33142dfba9755a5a2419400279a73e99ba4e1c3096198453,BenignWare,,mipsel
80fd2e5d661ca63fa509f1b5bacddc9b76f3c47889179b025d8408c4ff567df2,BenignWare,,mipseb
b4f48c284ff724c449245ba6b0868e8d55efe3c376929b58492e46a973e8e846,BenignWare,,mipseb
3f2805d13c2d6b0ff9c62f54b47d37a321c1bdace78133d6ffe9530a83ba90a6,BenignWare,,mipseb
803811e6913cef747388a19c7fb7bd8d6225ffa0452a0c9fb9e4632bb768eb24,BenignWare,,mipseb
d6bac367664651e74eb6218b88bbed8d1f1d9b21bd42fd1fdbb8c2588c9ec8db,BenignWare,,mipseb
854e45760bcf537118e7c3ce6106b170f2e201389ed5c540c451c1f08b63806f,BenignWare,,mipsel
88c2b80ba8fe1717458c823d0c501a0f92ddfebcdaf3fe27a5fe04739706e9f6,BenignWare,,mipsel
92cc0b7cec66c06a2492397b7bbdb24f0cd1daca6d73e40facf3d8763134b85e,BenignWare,,mipseb
3b91afcb6128415844f164ac2ef031d3bcd578f495436a09c86707faa83616f9,BenignWare,,mipsel
95e5d08b905e4416b92fd219951557fb6d197424b658d80adf0eddd3b5f924f2,BenignWare,,mipsel
d9ecc2dac7c555efdc7ed69b78f235de310db2818dbc37e710ba45a74313e3e7,BenignWare,,mipseb
be015f1d6d2013648b2c750973119e5cda231539665ce0f46375a91bb43e46be,BenignWare,,mipsel
61ea834ebf768a735bf387a17024fb51351ab0cc1fc7d8d3ed970c88616c9ee3,BenignWare,,mipsel
ce8c01992333a5a72abad5016e85902e5b25e28a7544a6ddc0e1e5928f8c0e27,BenignWare,,mipseb
bb352422bd8ace10a0dbf617499b0270df60f12d407c855a1c40f4f2bb8d551a,BenignWare,,mipseb
717e43e94b1cc2adf3fce9d6ae70865ee6e58eabcbb6a81cc5f582b89c5b9510,BenignWare,,mipsel
c5a241a22050db6102e942b1328b3e882473674042a64d285a490d469e8a0f7f,BenignWare,,mipsel
434ce27587a3cca896506362a92d680e0249a692b3bae510d50479ec17fb25ab,BenignWare,,mipsel
8248f2f4b904655f021324368b7ada31ba77725e978bd29e8c058255503e3842,BenignWare,,mipseb
f7067574404c7ef60657d6b34e27e15b39d4f1b290cae9acffc9bea7d083a2e3,BenignWare,,mipseb
247471250a43a9466c9cd4e0e5587a92892893f5a1e0dff28cd331f0f17b3055,BenignWare,,mipseb
ea35578c688563bb4ebab70718c1b53a218d481af0ce36e5246aafbe1785f9a1,BenignWare,,mipsel
cdf179a8f5163b8ce92b097c0e8b0f8b987342107f5a7009d988d36d7f447cfe,BenignWare,,mipseb
eb7e976008713555a0aa725a6d6581e46272d03eed75698041bf226c28dbd946,BenignWare,,mipsel
5b8144a6220edc40bf96b7258f4a9378b0e6d0a80173b65d6f3527be01e27f4c,BenignWare,,mipseb
c79b60194ed86b9af03e2c1a695bc2b61a677593a3fa886aaaae7eda96c36bad,BenignWare,,mipseb
007aae450e74fb0ed30dfa800f375aa9f6f1c93ad59edcb10fb5888ed08e53d0,BenignWare,,mipseb
58991e2f12c9f2373fc397efa6800e8e5eb76f970dc53945a26edf91aa87e257,BenignWare,,mipseb
751e0d134c8af31004010cddba0172e0f8cd5ba5fe3370b0daf50b1567f65366,BenignWare,,mipseb
f8d875866044d5e91e0e0addddf785276c7da0cc3417eddf9c3d0f3204788c22,BenignWare,,mipseb
db0262a8128ce52a16b550d27c5782e605ac66366771e52ee021356194dd1006,BenignWare,,mipsel
4e26b91b85a35fa050a103eebcf59901f89a1d1f671f595b75ba450f958fdaba,BenignWare,,mipseb
e0e5971083a3cc9c356191059e6367337c350b9c1c4e2fb0700b90a2fc61cc2c,BenignWare,,mipsel
1d21b60c88c218b079a04e312bf68bfcd202fbe6516daec3242fc7e31c90bcd7,BenignWare,,mipsel
f34879cef3a4a85e78c449be5bbfa7c86e12508d6689cdb5792056019bd7b091,BenignWare,,mipseb
3d0a74247fe28ba814f1e0d1d86da00bb11920dab4bf3b9f6cf91c1de7768c53,BenignWare,,mipsel
417e71f52e707f825dd0b49287f40fa8d95ada34c93203b5118c078c05c47448,BenignWare,,mipseb
dc0dbcf393c77ffee7a5477c78e3934a280f21f8b0f7dead881743105adaba3f,BenignWare,,mipsel
c4e4a05271f14a48127f7cd2deac47480cb180c5c7d0fbb9e87bdd54fe0a2d65,BenignWare,,mipsel
7bf36fabced82b099dc2342b4f603b3992cf74da80ecc6e2bbcb0cda716c127d,BenignWare,,mipsel
67852cac0a38e212d7d1e381da3972d63d77ce1fce4c2c4268cd32b3006f285f,BenignWare,,mipseb
581bd79d8b1a58d328fc620622eaa97d8c1c124b8301cfa9c45206d551fc412c,BenignWare,,mipseb
21506ea50782f1c91d984bf074644c47335acdc87a635f93c17731e031185ae3,BenignWare,,mipseb
e2bc67e4255871d5daf491b7cffaf748dc8df490da0fed38efb6ee418e0cdc85,BenignWare,,mipsel
6f4e06b871d885e12d4c719b063aa432554c46f9fc3983a950bc6e9ec315d02d,BenignWare,,mipsel
84084ac365b02aa23dabb83ece5ebdc8742b1d1b05585ec2288633f4d7f65d5f,BenignWare,,mipsel
80fa25cace211189d70f60865f0bc67e7faffc5f283ab5410a8a678223b130c5,BenignWare,,mipseb
247bfefce46b4df9bbbd492e484be695c905b52293280d43b87d0b842699eab6,BenignWare,,mipseb
f79efeadaa78161a8ab23236b0253b06bad3f561c2dd7c6fbf46c93d6165b696,BenignWare,,mipseb
dc1d8ce2220eeb8fa7ffcabee0f002887319e5d4737160d1fd9337d602287781,BenignWare,,mipseb
997e438c78e403562fe1a4920fa97bfe83469cc20f829c50b3529ee05606ab62,BenignWare,,mipseb
857632db1153c23c73d49507824ee35ca61cda90d982b84faf16ab623b24e081,BenignWare,,mipseb
a60b4e103f678a6fafd890fd5185323584b3844392961cbdab9e836c37710f0f,BenignWare,,mipseb
f15df227a4e989a8559b5aa727f0378c7d38a0443becd4ac836e29284a4abad9,BenignWare,,mipsel
275411772f31d97380d79d88020b08c8cd780e3703662a7fc13b280ddef2e1ca,BenignWare,,mipseb
1d64ac30fecdbb6de5db8d29194592e6eab45c9c7e2c66023da892ff126c47cf,BenignWare,,mipseb
28e0bb6a77dad11800bc59257e5dc8488c3799ba01df976b88f0c126b72cd1ce,BenignWare,,mipseb
0db8698d6e3d7cd71e8c4ac561ca9eb6d05801c153cd635a0d65e6dd6a6f9921,BenignWare,,mipseb
bce42e109312997ab276d58a333909b4270638790104c9605fcc9eb379d6a373,BenignWare,,mipsel
699bedd8799a16a076e8a987058fb146f3362d007f0cdb57e22589d12370255e,BenignWare,,mipsel
ba661a5745f265a1a8a6f7f65154d55b5fee2b60397912f5fffb7aa4f8d1026f,BenignWare,,mipseb
04cb40cebe042011045081bfe17d91082b3c645683a6a69dea97cd7db09bd4e5,BenignWare,,mipseb
eb6c0b86e32ed37d6679028f67d08d25e7b526ab6c2b851efdb1441d101e0fbd,BenignWare,,mipseb
42e56c351011b6e082a835b974a36e0989c7ae605b2c98aa1bc6ce12aa04033f,BenignWare,,mipseb
99760533aaf63e85e2aaceeffbbe491823fcce277b2221dd8e2ed0b80d2c7193,BenignWare,,mipseb
e30255c50c3e4beb162b3b83588fb2f2b5ea35a7d78c1fec49817e18d23f0cf8,BenignWare,,mipseb
32bf39c99c1b4371c597302d1ce06ae91ad3fcef876343996cf5dd04630ed845,BenignWare,,mipseb
55273206ae307153a858387c3a419937aab19dced72cfe52fd072aa8684ec529,BenignWare,,mipseb
2d6504c947a8bf837c6efacc606cd3cf0cfd5e039bd715ab0310349486dd0855,BenignWare,,mipseb
48d964e73c955f2b687d2761e1d1d817f8631ac350e5a7f8ff456d84eb949cdc,BenignWare,,mipsel
92e58506a7015010e6210a550040f8536ed7529a5e5ee4a8a2a09ecc3b7b494c,BenignWare,,mipseb
b9ea576d0c05ea4b49f0ffb36c7a9ff84e0625a8b229c955e43700fa71232dab,BenignWare,,mipsel
44e9a44fa12a207fcb1a0ac47f67a167f954ef30758d26f73b9713a9d02468fb,BenignWare,,mipseb
744437f70aba365023c75d45046841939f673f94779e56091dfe02b02a44ca0a,BenignWare,,mipseb
114414f36e47d9e5a397ce133be4bf6b7366727e7ad021c884f70a174b8723e4,BenignWare,,mipseb
cd750f28a290af997bbc8edc1def6cf8c03caf5049cadc7527d91688e61bb245,BenignWare,,mipseb
0fa256a5a1efa0a4b7a475a98a743c47d8c8b4162564568f162e97aef2321605,BenignWare,,mipseb
8c86bd9cd002b078c38a676cb270b98dce5a9b1856cf0bfab54e4203b3807742,BenignWare,,mipseb
ae7da7296601b6d66243f519c56d7149cdc101fac90328723034f59601011884,BenignWare,,mipseb
6e323ebd47bdee41fe63c855affd79150ff847291fadfc28258e23281bca2e3e,BenignWare,,mipseb
3d281eeb2d7d9b9ef1c98dac080a0210cf82408048c81b47adca583eaaa98a2d,BenignWare,,mipsel
acf69fd207b15c8a8926e013e91cc5bc8bf0833076a786168046fede24e1223f,BenignWare,,mipseb
26cf19021b290f399c6b51baf7f37cbd355c4f8bd80f9baaa2a41c629e39a92f,BenignWare,,mipseb
1ca14439b0f25cf1a2c07b327edbedd0e60085f2816782e6de9efbb9ba8d5f6b,BenignWare,,mipsel
2a3fa35a55035ce3bd0261fde34e2a9e7f3d4c96904841c9805a70d225d64081,BenignWare,,mipsel
9ed8cdb51dd7ae0e3fd1784b71f1ff469bed6a79d0c44b19e230bd1868926b7d,BenignWare,,mipsel
ff36f4dbbccaa20a7169c5f33beef3698723ab38c9e59c2e2e3cff11d4416001,BenignWare,,mipsel
d963bf9474e807d3e098a540ac41aa8daa6dd47754126bd736825af0d2e975c3,BenignWare,,mipseb
11d9697980449e8a87f38cdde7dab86c3295ab67e9bc7971775924892b79ed88,BenignWare,,mipsel
69735261463be7d4ddb42321a142b08f105be17cdee08ff72ca2b9beea0ff350,BenignWare,,mipseb
b514b04b97792896f66cb699aaf51526082f84a34f9151be1a67afc46af6c2fd,BenignWare,,mipseb
2d5ce878170e534c83d263470ac8feaec2edc0cc96dd9e549fe637633e4fed1e,BenignWare,,mipseb
411449cfb4490f768b85a3220d9f05e32da57910e022e51515c7e5b8eb28fe13,BenignWare,,mipseb
3b605c039cf7305063db59c96d51a27e1a20711995def7d18de348b287c4f034,BenignWare,,mipseb
d65e5a1f78a6ea4eae9c116165ab00d184b9aeb35bda16b318d0393c630b92fb,BenignWare,,mipsel
c9863c367790873ddf2feac982f05369f41b3792f01c6f39543f8b907f6c50d9,BenignWare,,mipseb
f6ef0444ca4e067dc068e039d64a92fb61cc6337cba4e293d6e32fe7cca1d6eb,BenignWare,,mipseb
7ac1ae2a2cd82daa3174cbb4c044fd10aca8992e578cb5b167ea831e5d0c9b60,BenignWare,,mipseb
87d56d5f1ccf0742064f2c611687ad28c0472eb9eff98e3df8a3691823aa95bf,BenignWare,,mipseb
61cf9fe1f9879cd6d7085161b9c21b8c463fd7248e4a4b7bcdd23c532f2b8ee3,BenignWare,,mipsel
89f7824fbcb09b52bee31950e70384e55d28132ddc202f1d6463f40137fa05f8,BenignWare,,mipsel
d7dc59e34e072429582735e41718519ef95d582cfa9259c6c7470f8b885d35d1,BenignWare,,mipseb
def8b95967c385583d70a3bb1ab02431889a168c01b06169cc5a1da10a403f63,BenignWare,,mipseb
c578e6a7c0c00295a6730cd76297b48705d265c892f9351f01ee43b9b5b71aee,BenignWare,,mipseb
276e6c24940902aa9acb1d3fcd0aa65f8932355ce9e570edf2e939591272b20b,BenignWare,,mipsel
2fdbe0341b5c73703b6b4d62e238736ed90562d4e5a2ab37ed1ed71e11a12d7e,BenignWare,,mipseb
a10f276f98a40c2fc179b96665502664a79a019b9ba6e22920ddb2cfae777f93,BenignWare,,mipseb
eddddec017e56d8dfab8eb3989ede6e823e52920f748bf20d20d7a06dc10e64b,BenignWare,,mipseb
b605f32a92de872f48a92ba0fc2c9f93795eb02a848f59ad26b4eb35b161bdd0,BenignWare,,mipsel
89bf69616a8b7da28736e71f2ad2fdaee4c5e31eae2e20de87c3850c5faf3067,BenignWare,,mipseb
c4f8012b10270805da68870d9d6a57cb7bbd6b299fec11ab62fb9a7750b66107,BenignWare,,mipseb
6e35e0ccf9c400a485849172fadadc48887c76c59f31247ba0a15c483d98864f,BenignWare,,mipseb
edafe069aa76b25c5fa9e93cfd8290de02b9daa321b7326714afa4208e3b4ada,BenignWare,,mipseb
c58939cd2898737748d52236470cb826e727d36091cba2689bd4702adf447b74,BenignWare,,mipseb
83c23a53f0b06862830a1eb7b1cb2cc35f40007bcd0da3d047339a496cded806,BenignWare,,mipseb
28e5a9cac358d5d77fd90d9b5e25270bf22f17e6f4a5d2fd18abae6c39a218f0,BenignWare,,mipseb
713907bf9819c5f29be9fa353c0c9e173b4f0c42e701d9bdfb42c1ec03c55081,BenignWare,,mipseb
df6516a8f61883667f0c85faa874803501837baf3086b0eabfe25815d28e6374,BenignWare,,mipseb
ca819506bc7292fe971d23d2ef85750e6bcdf6da2feb5cd0c8ac08850e69be72,BenignWare,,mipseb
96d059ea966dad782d55c4787531c16b4c1db44024d252cda54dea9cf325269f,BenignWare,,mipseb
38353d1917f433ccaf03ab1d3def41cb1c2a2b06c1bb01f11256801464ff73d1,BenignWare,,mipsel
9c7e99367302cd1117835362743c85cdcad99525a47af6c2364fa67b55db6a35,BenignWare,,mipseb
78ce676563dc645ed562129c003b259cff26b936927dd8ff4c78f3ab31005b6e,BenignWare,,mipseb
606ed364e5433deabc11c555315e43e2d1fc673f9dc7691da7bccba872373b08,BenignWare,,mipsel
d86d3f0df254f23c5f723ad170c58c783708b409cd7bb3c36a4c23b8a3f2c529,BenignWare,,mipseb
b4ada18e4d1de627556d50e051413761c4fc8a5750443b51991c110acdf326f3,BenignWare,,mipseb
8ab0abf41b42a76d8dffe1cc1faf27f7010ac13a10804f0abb4cf84306c85085,BenignWare,,mipseb
bcf92281b669650bf4f18922bb5949609cdebf968f5c26db48cf500a774e77ac,BenignWare,,mipsel
81d2eebf7571697458d594d16999a77831f95181ad43fe39abdcfc1e36c9fea0,BenignWare,,mipseb
974f62724386e1b0274dfceb63bbd2fdd5106d6f8a6507864828c7d077e15280,BenignWare,,mipsel
fef769f7f8f5ea6fa29b712604cd3932e797f8e7a149cbf0f522ae3b5c17d812,BenignWare,,mipseb
f6f2d4dfe9a7e00d0cc6bbebda78821b660e4f39afc0da7dc5a5e82eec42478d,BenignWare,,mipseb
2836e04ce6676a0461167db923d46829fdb293087e19a2881a78ceebc1d43106,BenignWare,,mipseb
9c3cffa3bcb79e38d1ca65e8c2c207f742fd8c821a5e14a5e978a3efed916350,BenignWare,,mipsel
9439a44401232dcea2ed2a5478b58526f0c58dc5bb8cf343acf0735f957542fa,BenignWare,,mipseb
8c37bfe92661adf0bbe7eb7992ca36bd0e1ca2d66e8386a90b2f14cc34c30966,BenignWare,,mipseb
5d8750ac6effe4f0bccf489f02a3bfe65061a575569a6e5d6b556609db1d6c62,BenignWare,,mipseb
c3de0450839d077b9dd3c2590f308e964eeb4e2c3a15b861edd6db67f82320ab,BenignWare,,mipsel
17d18081d9b90a4cdbdea39d759a2458492d95b17a318fd886ac315ceea9c9bf,BenignWare,,mipseb
0b081b4e058b252587542d1e324f0699cf7be2f81f08c23ff3c1177e9c541f35,BenignWare,,mipsel
92e3ca3771de8f20c77039194154b66da570161b2240717cc0bac7a08cb14705,BenignWare,,mipseb
2c6a7498ca81a26b5c6c809195619713d15b9624050e700a9d582547e65614cc,BenignWare,,mipseb
123cf840323cff7fb4d6f470c702c8e4c38968a67d43552da3ccd0b33d364340,BenignWare,,mipseb
8968fc0cbf2420040f249cd60142628276246aa6887cb6fce27a93a13088a7be,BenignWare,,mipsel
735ce2e7085055e4220f167522df800cec25cfe83be61e45c7ec0e48b87a6085,BenignWare,,mipseb
41844cb8c075d2dedd092f63d39fd32c39a1fcce68410c5ac00738a3f2852aca,BenignWare,,mipseb
cc839f942c432183173e4c407139c6e0b2ec0dd6fdd73c370c4cde6ac54bcabe,BenignWare,,mipsel
cce9e0e59ff0ec6553a6dd7e3e5cfd5bc935ff92781e29e5e52dbe6a9a61307c,BenignWare,,mipseb
a58eebca1ad80bf0e928a07b7235ef266794531e1bb130d19e6c4c8bea9f71f9,BenignWare,,mipseb
0191f2e4fd968fe43f6a0e17a5b41fc1692ead296e5d4cd1eb9728353218e173,BenignWare,,mipsel
cad05147be62bd8c230a2f96f5461d53617d6df30d66348bc8ca6389564a7d61,BenignWare,,mipsel
5e8d10530999d08a22ffe52006d92ea90f9663679c0f139b065d38e51a23d9c8,BenignWare,,mipseb
507262546af85e46d7ec04203039fba6f85ff2af577b3753d6713a0ff78780fb,BenignWare,,mipseb
8925daf9125fa8114f1eeb45470e0935fb0cccca4e963bc764bd5c7582f3e1b8,BenignWare,,mipseb
c059ff6f32b848fff75e8fd3293346fed4faced812dac3f90e830e4e9616dc56,BenignWare,,mipsel
eee857165c4c691b2336fc3ae97d5842ccdebbeb21df7b2bb7c3d4450e6b4b5a,BenignWare,,mipseb
4fbb3109a889b0893458f1fb7e5178099d77309a2e28642453390081cb08340f,BenignWare,,mipsel
8bba984778c9643d0846f27113b5bc11a68d2693d01e92f5cb23fef6ee350be1,BenignWare,,mipseb
0a2064dd5e6709abd61fff22274e10f5811c47b5e1e830d08b60bd0833528029,BenignWare,,mipseb
c2465b8e6b7f3a1d6a57aac394d447c4327fa1a4148694ae2065b25938d926aa,BenignWare,,mipsel
001bd3248be35bd2c5635722962ba22960dcce99af82afb9905b934c84530c6b,BenignWare,,mipseb
ca5aa278bf2d776ab04ff615ffb056fa1244b75650312621aed4cc3233d3ea75,BenignWare,,mipseb
2d8704014009b87e4ba2e0beca19531b6b36a1c64eef5220b5299934c0501c63,BenignWare,,mipsel
73040f91715261d30e0620184de272a2568352faf6e6c8155b78b586b73fc32f,BenignWare,,mipseb
f2961556172977940523042bf50725e486febf58f615bb524c8f592275e32e97,BenignWare,,mipseb
ec8005a340e0059282b60d4125667f8e0ccbb99453ca8d560ab8e977de1ecd96,BenignWare,,mipsel
87b2201918a830ed228515bed4bf17a7ab426fd0a11ace37c1572609c476b554,BenignWare,,mipseb
bedfb8d257e352b4819e574ef42794d398f5d71f59523924b70af7baaafee3c3,BenignWare,,mipseb
ebf38124ac40be456574d9e8668b6c14b3de9f94bfce9009d4e7308bc4ff2d20,BenignWare,,mipsel
c13d4fa6d248dea33762d3339590f5bc6c7def71a10b8bd5e2ec6fe6ac7b60b2,BenignWare,,mipseb
1ad3949f78d05178a6795adf48f17edeef3b9eb433b186a1531f2624cc2c4838,BenignWare,,mipsel
df369a178f8a0b7af8104f0634fcff3a33ea035fd51f09a151d56590fa64a704,BenignWare,,mipseb
af08fe9acfd3a3e1dc64e6a99f9abc7f96468799ce0f7dcea85002884ef38b53,BenignWare,,mipseb
300a871e4fd4bb3f6d1eccc4cd10e84c391bfc3d2dbab4e6e4739abbf8a4b5ae,BenignWare,,mipseb
00cb68e65b5e5bac046dace6345e657d128fb4e2d77f3b36336c32446166fa20,BenignWare,,mipseb
50171e0b7db1bd874bcef0258651476e6d80622b3319d2e4fc8705904c417d34,BenignWare,,mipseb
8d16a2eccd0a39e169f82ef4d4957a7c9327142eb2e2da2b4f9b6ed8d8702617,BenignWare,,mipseb
db3f21c0d4ac2f74922e4a4d97ca449d012f3b93c9c12dfd96a6211176de8b8c,BenignWare,,mipseb
749ca70945d3437803fd4a68ff6b8e81b86d401a0c356e90511ca6e4af0e3fb2,BenignWare,,mipseb
bb5cccd2951a600f2e1eb70c05ea34c4bdceeb54b48abf10533c8cc16cae9354,BenignWare,,mipseb
87a28b91d93a1bbfa3831ea042b40fd94317e062da8ff290ffedefb62d2c071a,BenignWare,,mipsel
31fcfbf9fc756b2a03fc6fb7db339e8406b8651e53554cec2b082270bd95747c,BenignWare,,mipseb
3d66d959c3a35ceea58ae5a63aef63824df6e59cb040a822c3bd91dd120b31af,BenignWare,,mipseb
fa019b25777a76381f7b6fc4c613418853b363883193de89cf2178354f627636,BenignWare,,mipseb
1e6d24bd9ec47fd01229bd3e958a7b8bcd3f5f2f1e638d9727382302c1d20a09,BenignWare,,mipseb
7fdf7588bffa32307500865be8474c5953215f7058c8cd44f9419b35c1359408,BenignWare,,mipsel
ca9b089daeb994ff9f437d0f36f62394672f9bcc68e9bef43136b38e8fd10125,BenignWare,,mipseb
1f52da765579c61e0ca4ca1b1d69f8ae7c8af6c21a70b4a7f3c147e13692e00c,BenignWare,,mipseb
aeada3e19097a26fba73371f477edc6b6ec35790c4174ed36054c66dc353c815,BenignWare,,mipsel
b93d51b2912ea510e890631f0443a3aa718c44bca744f8a388a8038ac94ce6c9,BenignWare,,mipseb
a41a43360cc12538885d224d807d8c9bde76ccb67f5c39eb56c6117cfdab582d,BenignWare,,mipsel
6c7f95515190a36b2a77107f41ddb27029d1aad511d77bff607d946f8d205a28,BenignWare,,mipseb
7310019d9bb252a3b0bc7f74f50ffeebae214ae4d322a4a501cf72b9b13590f3,BenignWare,,mipsel
86ffc8b199e070add91149d0807683e091b44bf9c392c707f9dd88b296bd8ed9,BenignWare,,mipseb
0cf8f624bcf51e7d209408e535c13e9cfaadade3ca797419abb4388294ff1aba,BenignWare,,mipsel
39ea313c562f8ddb48c380c4c65bbb57e50abe9e019290c30ae93bebda4cc319,BenignWare,,mipseb
1c453f4f426fbb6b15e3e4682a07c5f26d043c91ada498ec42a9a73801d804ee,BenignWare,,mipseb
90d56b225ad3e9e8d4027179e2806eb956629285309464df649580d062759dde,BenignWare,,mipseb
405c4ad40936a53a80bbf36201054e0f8d8d1eacf9135903ed055739dcdd3719,BenignWare,,mipseb
01ed4ed5137e63112f76f9946a47c28d9629cabd8e699636c8e62d5621ab8a7a,BenignWare,,mipseb
0675dd03c0704785c7078a81a48bc34167ed6b643a77a4a268061a6174e1b71e,BenignWare,,mipseb
277aa91d7e1e76b4b0b023049261f8502a34fc6ee3258492a06c71cf6335b1a8,BenignWare,,mipseb
57341b6c6139047ccbc0f1eafed08bfb74403b074657fa5f088bbb684a94193b,BenignWare,,mipseb
5ce51bf5a60a3a14b52447dfbbbeb2fc24020814cf755570496895f9e8c6da08,BenignWare,,mipseb
dfabd9f085fe70c50b57093196dc5ff834ccd39509a4b03f925eb5f9836e5e6e,BenignWare,,mipseb
28e2913ab30a970e9b39535c75bb93ac029946b89bcf2759ccf0c11baacaa4ee,BenignWare,,mipseb
133e817ab21e9cc97b97fecdefb230fceb71c2496a38edc56c00925a48c2bc1f,BenignWare,,mipseb
5c07ce0da496516330eb377aad2c6280f253092ef508bc2f4727fd8712d4aa44,BenignWare,,mipseb
5bc57dfeb15e8282de521884cf257168ef18d82310a585154a2a69d51065f5b8,BenignWare,,mipsel
2d89054210702ca0671ef10bb793c0e5fd91e80c9601c9f757cf15f03d006df5,BenignWare,,mipsel
6b7b627a585c0095d31e373dc3b8a9fdfc3d76c30360476355501cffc6d82c23,BenignWare,,mipseb
d81a1d46f6c16ba0a1d94e42385b7c6edd65569455e1fd2b9b0dfc59e91bd573,BenignWare,,mipsel
2fbddf3b77f7c85b0c243490ed2dc14668bdb696a740d79946b48724408a2b28,BenignWare,,mipsel
3760af7ba45065a2c51a688fbeefeecf8abdf2a819abb0e2d473e4693b447abc,BenignWare,,mipsel
fbc5e0728ee310dd198b0c342e31536bdc2bdb8e8b402ff3febe25d53f84ddef,BenignWare,,mipsel
8e7f127af9ebc882728c746ee9004f0b451bd297238e19609a1628f3612a1007,BenignWare,,mipseb
2e2702b42c48209122472e22cfc91458c091b3c3ec8089761287713526c1e8c6,BenignWare,,mipsel
98877b59bafdd454ba05462e741fe1b2832c74d9e128413c36b73e3ce736f473,BenignWare,,mipseb
f2ef1d024edb804771b067d1d1a0fcdfb7d4818b5007fa2150f6b8e1dfe1b97f,BenignWare,,mipseb
0d49b5b23f32a03c5af3029435cf8bfbeec35037763e66707bc44aa802218520,BenignWare,,mipseb
a31f9ff7f8140bb5dc0f2bf8a79d2f4b3cf40464d77f34e57405eeed1ec42861,BenignWare,,mipseb
c1bbc0b6c7e11e250ae7ffcbbb835c7a1cb8a965c4e01d57bddb83b975a3e865,BenignWare,,mipsel
9b917a4bb3488380a71b9b21b2b37ce456b34ab8dfd831d6dfd3d3d9dc14988c,BenignWare,,mipseb
62b9f6e8ad618c9b41312d5d423c2f19bdaed9481cc0e62d3395ef71d1764ea0,BenignWare,,mipsel
8ec3710b2f5da0fcdba6043c3d4c56ff5c7005eedacfa6b71748b2862b4a3509,BenignWare,,mipseb
4a1318bd2d78b6a3a5aefeb83f99fc1702b7547bb02938fbd2d90e75fa8b441b,BenignWare,,mipseb
ba904ce4d853d97e183ab0a329b9d926a73b94d8d7f78b6d0a5415fb3b1f44fd,BenignWare,,mipsel
09f73986562ea418e0b09136bbfe0946561f4ba240909812a9086745fe22abc1,BenignWare,,mipseb
2d1de2813b5d800f56014e5331355c03068d46bfa04509b942d8d90be3ca54bb,BenignWare,,mipseb
db7c19e39c3a86f2c2e23f98cea22c0b951c5398cbd9b2dda5578d52bb7d8806,BenignWare,,mipsel
2897d9fa67758f616bea055f0da31296b9e4f9646e0ad984f46a52c349c5fc3f,BenignWare,,mipseb
fbb065f11ca531093e91a651ac79b4d2e9664caaadcb357c9946533d6c3ebc16,BenignWare,,mipseb
c34394d0f68645fe107a5ae8b9eba739fb29cc23fc3c49e5dab6f936e20cf43c,BenignWare,,mipsel
2f6408cafbe80388a455a304299bdcb6613cb9e950be5dd57952732d549576eb,BenignWare,,mipseb
8ababe8b788564bdf0aacdc66f62c57aac5aae282ad036ca87aa4c4d4792a062,BenignWare,,mipsel
e0a37608e78db6b1771d4ba8aab576c03dd29f5874ad5d23512b52976dde37b7,BenignWare,,mipseb
f9f083027a8a97bacd507089feba56e1c73c4582ace8baa4a815924800c48a06,BenignWare,,mipseb
d1800238ea2dd97a78d29be98546f7a33ca3d804b29e504b5ff48053d2e8dd52,BenignWare,,mipseb
c08836b776a6ed53d92d3f2cba13e4c600259ed27bdeb58acc997f8c14fbfc7e,BenignWare,,mipsel
0b0fa99a3921d34b0ea597fc025854194d4cd08adb0a6f1364a617b719232c4f,BenignWare,,mipsel
c2f30ebe65f7cdbd759befdacd516af52ee30cc63fa9db38dfbcffc210c6bb5f,BenignWare,,mipseb
